<?xml version="1.0" encoding="UTF-8"?>
<!--
An example for the Part 1 configuration
-->
<xmlToolConfiguration desc="Part 1 XML tool configuration" version="Supp9">
   <schemasRoot variable="schemasRoot" path="Schemas\" /> 
   <constants>
      <constant variable="supplement" value="Supp9" /> 
   </constants>
   <paths>
      <path variable="dataSpaceProfile" path="Part1_Defn\PartI_WidgetLibrary\DataTypes\DataSpaceProfileDefinition\dataSpaceProfile.xml" />
      <path variable="dataSpaceTypes" path="Transforms\Part1\DataSpaceDataTypesXML\" />                
      <path variable="dataSpaceXSD" path="Transforms\Part1\DataSpaceXSD\" />        
      <path variable="dataTypeXSDs" path="Transforms\Part1\DataTypeXSDs\" />        
      <path variable="dataTypesXML" path="Transforms\Part1\DataSpaceDataTypesXML\" />          
      <path variable="part1PermanentSchemas" path="Schemas\Part1\Permanent\" />       
      <path variable="part1GeneratedSchemas" path="Schemas\Part1\Generated\" />    
      <path variable="checksInstruction" path="XML_Tool\Part1\MetaData\Part1ChecksConfiguration.xml" />           
      <path variable="autogenDataTypesWithinDataSpace" path="Part1_Defn\PartI_WidgetLibrary\DataTypes\DataTypesWithinDataSpace\AutoGenFromProfileDefn\" />
      <path variable="aggregatorDataSet" path="XML_Tool\Part1\MetaData\AggregatorTransformerDataSetInstr.xml" />        
      <path variable="aggregatorWidgetLib" path="XML_Tool\Part1\MetaData\AggregatorTransformerWidgetLibInstr.xml" />                
      <path variable="part1WidgetLibrary" path="Part1_Defn\PartI_WidgetLibrary" />        
      <path variable="part1Transforms" path="Transforms\Part1" />                
      <path variable="dataTypeSet" path="Part1_Defn\PartI_WidgetLibrary\DataTypes\DataTypesWithinDataSpace\AutoGenSet\dataTypeSet.xml" /> 
      <path variable="expandedLibrary" path="Part1_Defn\ExpandedSamples\${supplement}_WidgetLibraryExpanded.xml" />         
      <path variable="docgenXSL" path="Part1_Defn\Part1DocGen\Stage1XSLT\WidgetDocGenStage1.xsl" />
   </paths>
   <schemas>
      <schemasShortCut shortcut="file:///C:/ARINC661_ShortcutToSchemaRoot/" path="Schemas/Part1/" appliesTo="Validation" />
      <schema uri="http://www.aviation-ia.com/aeec/SupportFiles/661/dataSpaceProfileSeed.xsd/1" path="${part1PermanentSchemas}/dataSpaceProfileSeed.xsd" appliesTo="Transform" />
      <schema uri="http://www.aviation-ia.com/aeec/SupportFiles/661/widgetDefn.xsd" path="${part1PermanentSchemas}/widgetDefn.xsd" appliesTo="Transform"/>       
      <schema uri="http://www.aviation-ia.com/aeec/SupportFiles/661/Part1/dataScope.xsd/1" path="${part1GeneratedSchemas}/dataScope.xsd" appliesTo="Transform"/>              
   </schemas>
   <checksConfiguration 
      rootFolder="${part1WidgetLibrary}" 
      instructionFile="${checksInstruction}"  />    
   <phasesList>
      <phase id="Core DataSpace Setup">
         <step name="C.1" desc="Generate Data Space Profile Schema">
            <applyXSLT inputFile="${dataSpaceProfile}" 
                           xslTransformFile="${dataSpaceXSD}/GenerateDataSpaceXSD_V1_0withEXSLT.xsl" 
                           outputFile="${part1GeneratedSchemas}/dataSpaceProfile.xsd" />
         </step>
         <step name="C.2" desc="Generate Data Scope Schema">
            <applyXSLT inputFile="${dataSpaceProfile}" 
                           xslTransformFile="${dataSpaceXSD}/GenerateDataScopeXSD_V1_0withEXSLT.xsl" 
                           outputFile="${part1GeneratedSchemas}/dataScope.xsd" />                
         </step>        
         <step name="C.3" desc="Generate Data Space Base Data Types">
            <applyXSLT inputFile="${dataSpaceProfile}" 
                           xslTransformFile="${dataSpaceTypes}/GenerateDataSpaceDataTypesXML_V1_0withEXSLT.xsl" 
                           outputFile="${autogenDataTypesWithinDataSpace}/DataSpaceBaseDataTypes.xml" />                                
         </step>                
      </phase>
      <phase id="Update Part1 Metadata">
         <step name="M.1A" desc="Create dataTypeSet.xml">
            <aggregateAndTransform instructionFile="${aggregatorDataSet}" 
                                       rootFolder="${part1WidgetLibrary}" 
                                       transformFolder="${part1Transforms}" />                                
         </step>        
         <step name="M.2" desc="Generate the datatypeSet.xsd">
            <applyXSLT inputFile="${dataTypeSet}" 
                           xslTransformFile="${dataTypeXSDs}/GenerateDataTypeSetXSD_V1_0withEXSLT.xsl" 
                           outputFile="${part1GeneratedSchemas}/dataTypeSet.xsd" />                
         </step>        
         <step name="M.3" desc="Generate the parameterTypeSet.xsd">
            <applyXSLT inputFile="${dataTypeSet}" 
                           xslTransformFile="${dataTypeXSDs}/GenerateParameterTypeXSD_V1_0withEXSLT.xsl" 
                           outputFile="${part1GeneratedSchemas}/parameterTypeSet.xsd" />                                
         </step>        
         <step name="M.1B" desc="Create widgetLibrary.xml">
            <aggregateAndTransform instructionFile="${aggregatorWidgetLib}" 
                                       rootFolder="${part1WidgetLibrary}" 
                                       transformFolder="${part1Transforms}" />                                
         </step>              
         <step name="M.4" desc="Expand Widget Library into One-Big-File">
            <expandIncludes inputFile="${part1WidgetLibrary}\AutoGenSet\widgetLibrary.xml" 
                                outputFile="${expandedLibrary}" />                                                
         </step>                       
         <step name="M.5" desc="Validation of One-Big-File">
            <validate inputFile="${expandedLibrary}" /> 
         </step>                                      
      </phase>    
      <phase id="Generate Documentation">
         <step name="G.1" desc="Apply XSLT to create Doc Gen Stage 1 Output XML file">
            <applyXSLT inputFile="${expandedLibrary}" 
                           xslTransformFile="${docgenXSL}" 
                           normalizeXSLOutput="true"                           
                           outputFile="Part1_Defn\Part1DocGen\ExampleOutputs\DocGenStage1Out_${supplement}_WidgetLibraryExpanded.xml" />                                                
         </step>                
      </phase>                
   </phasesList>
</xmlToolConfiguration>