<?xml version="1.0" encoding="UTF-8"?>
<checkConfiguration>
   <files>
      <file desc="identifiers">
         <searchAndRootContent>
            <buildXml>
               <SubFolderUnderRootSearchPath>DataTypes</SubFolderUnderRootSearchPath>
               <RootElementName>dataTypeSet</RootElementName>
            </buildXml>
         </searchAndRootContent>
         <IncludeInAggregationFileMatchRule>
            <ProvidesSchemaLocationForRootNode>false</ProvidesSchemaLocationForRootNode>
            <RootNodeNamePattern>^identifierDataTypes$</RootNodeNamePattern>
            <FileSearchPattern>.xml$</FileSearchPattern>
            <SortOrderRank>0</SortOrderRank>
            <ParentElementName/>
         </IncludeInAggregationFileMatchRule>
         <collectOptions rootType="namedRuleXmlRoot" collectionType="includeLookUnderNode" />
         <xmlIdentifierElement nodeName="literal" elementName="name" elementValue="value" >
            <identifiersNamedRule name="widgetsIdentifiers" xmlRoot="identifierWidgetType">
               <store type="identifiers" name="widgetsIdentifiers" />
            </identifiersNamedRule>
            <identifiersNamedRule name="extensionsIdentifiers" xmlRoot="identifierExtensionType">
               <store type="identifiers" name="extensionsIdentifiers" />
            </identifiersNamedRule>
            <identifiersNamedRule name="symbolsIdentifiers" xmlRoot="identifierSymbolType">
               <store type="identifiers" name="symbolsIdentifiers" />
            </identifiersNamedRule>
            <identifiersNamedRule name="parametersIdentifiers" xmlRoot="identifierWidgetParameterType">
               <store type="identifiers" name="parametersIdentifiers" />
            </identifiersNamedRule>
            <identifiersNamedRule name="eventsIdentifiers" xmlRoot="identifierEventType">
               <store type="identifiers" name="eventsIdentifiers" />
            </identifiersNamedRule>
         </xmlIdentifierElement>
      </file>
      <file desc="basedatatypes">
         <searchAndRootContent>
            <buildXml>
               <SubFolderUnderRootSearchPath>DataTypes</SubFolderUnderRootSearchPath>
               <RootElementName>dataTypeSet</RootElementName>
            </buildXml>
         </searchAndRootContent>
         <IncludeInAggregationFileMatchRule>
            <ProvidesSchemaLocationForRootNode>false</ProvidesSchemaLocationForRootNode>
            <RootNodeNamePattern>^dataTypeList$</RootNodeNamePattern>
            <FileSearchPattern>.xml$</FileSearchPattern>
            <SortOrderRank>1</SortOrderRank>
            <ParentElementName/>
         </IncludeInAggregationFileMatchRule>
         <collectOptions rootType="none" collectionType="directContent" />
         <xmlIdentifierElement nodeName="baseType,aliasType,baseEnumType,baseByteArrayType" elementName="name">
            <identifiersNamedRule name="baseTypeIdentifiers">
               <store type="identifiers" name="baseTypesIdentifiers" />
            </identifiersNamedRule>
         </xmlIdentifierElement>
      </file>
      <file desc="datatypes">
         <searchAndRootContent>
            <buildXml>
               <SubFolderUnderRootSearchPath>DataTypes</SubFolderUnderRootSearchPath>
               <RootElementName>dataTypeSet</RootElementName>
            </buildXml>
         </searchAndRootContent>
         <IncludeInAggregationFileMatchRule>
            <ProvidesSchemaLocationForRootNode>false</ProvidesSchemaLocationForRootNode>
            <RootNodeNamePattern>(^struct|^array|^aliasType|^aliasEncodedBaseType|^union|^ubyteEnum|^ulongEnum|^ushortEnum|^ushortEnumLiteralSet)$</RootNodeNamePattern>
            <FileSearchPattern>.xml$</FileSearchPattern>
            <SortOrderRank>1</SortOrderRank>
            <ParentElementName/>
         </IncludeInAggregationFileMatchRule>
         <collectOptions rootType="none" collectionType="directContent" />
         <xmlDatatypeElement elementName="name" elementType="typeRef" >
            <datatypesNamedRule name="datatypes" />
         </xmlDatatypeElement>
      </file>
      <file desc="parameters">
         <searchAndRootContent>
            <buildXml>
               <SubFolderUnderRootSearchPath>DataTypes</SubFolderUnderRootSearchPath>
               <RootElementName>dataTypeSet</RootElementName>
            </buildXml>
         </searchAndRootContent>
         <IncludeInAggregationFileMatchRule>
            <ProvidesSchemaLocationForRootNode>false</ProvidesSchemaLocationForRootNode>
            <RootNodeNamePattern>^fieldTypeList$</RootNodeNamePattern>
            <FileSearchPattern>.xml$</FileSearchPattern>
            <SortOrderRank>1</SortOrderRank>
            <ParentElementName/>
         </IncludeInAggregationFileMatchRule>
         <collectOptions rootType="none" collectionType="includeDirectChildren"
                         restrictRoots="constParamList,runtTimeModifiableParamList,operationList" />
         <xmlParameterElement nodeName="fieldDefn" elementName="name" elementType="typeRef" elementProtocol="protocolIdent" >
            <fieldsNamedRule name="Parameters">
               <childXmlRoot nodeName="fieldDefn" name="DParameters" rootName="constParamList" hasProtocol="false" />
               <childXmlRoot nodeName="fieldDefn" name="RParameters" rootName="runtTimeModifiableParamList" hasProtocol="true" />
               <childXmlRoot nodeName="opDefn" name="operations" rootName="operationList" hasProtocol="true" />
               <store type="designTimeElements" name="designTimeElements" />
               <store type="runtimeElements" name="runtimeElements" />
               <store type="operationElements" name="operationElements" />
            </fieldsNamedRule>
         </xmlParameterElement>
      </file>
      <file desc="widgets" validate="false">
         <searchAndRootContent>
            <buildXml>
               <SubFolderUnderRootSearchPath>WidgetDefns</SubFolderUnderRootSearchPath>
               <RootElementName>widgetDefn</RootElementName>
            </buildXml>
         </searchAndRootContent>
         <IncludeInAggregationFileMatchRule>
            <ProvidesSchemaLocationForRootNode>false</ProvidesSchemaLocationForRootNode>
            <RootNodeNamePattern>^widgetDefn$</RootNodeNamePattern>
            <FileSearchPattern>.xml$</FileSearchPattern>
            <SortOrderRank>1</SortOrderRank>
            <ParentElementName/>
         </IncludeInAggregationFileMatchRule>
         <collectOptions rootType="none" collectionType="directContent"
                         restrictRoots="widgetDefn" />
         <xmlWidgetElement nodeName="fieldDefn" elementName="name" elementType="widgetTypeId" >
            <widgetsNamedRule name="Widgets" >
               <store type="widgetsElements" name="widgetsElements" />
            </widgetsNamedRule>
         </xmlWidgetElement>
      </file>
      <file desc="extensions" validate="false">
         <searchAndRootContent>
            <buildXml>
               <SubFolderUnderRootSearchPath>ExtensionDefns</SubFolderUnderRootSearchPath>
               <RootElementName>widgetExtensionDefn</RootElementName>
            </buildXml>
         </searchAndRootContent>
         <IncludeInAggregationFileMatchRule>
            <ProvidesSchemaLocationForRootNode>false</ProvidesSchemaLocationForRootNode>
            <RootNodeNamePattern>^widgetExtensionDefn$</RootNodeNamePattern>
            <FileSearchPattern>.xml$</FileSearchPattern>
            <SortOrderRank>1</SortOrderRank>
            <ParentElementName/>
         </IncludeInAggregationFileMatchRule>
         <collectOptions rootType="none" collectionType="directContent"
                         restrictRoots="widgetExtensionDefn" />
         <xmlWidgetElement nodeName="fieldDefn" elementName="name" elementType="extensionTypeId" >
            <widgetsNamedRule name="Extensions" >
               <store type="widgetsElements" name="extensionsElements" />
            </widgetsNamedRule>
         </xmlWidgetElement>
      </file>
   </files>
   <ruleList desc="Check elements identifiers unicity">
      <CheckIdentifiersRule name="widgetsIdentifiersName"
                            desc="Check widgets identifiers names unicity"
                            includeFileName="widgetsIdentifiers"
                            checkRuleType="Identifier" />
      <CheckIdentifiersRule name="widgetsIdentifiersId"
                            desc="Check widgets identifiers hexadecimal values unicity"
                            includeFileName="widgetsIdentifiers"
                            checkRuleType="HexadecimalValue" />
      <CheckIdentifiersRule name="extensionsIdentifiersName"
                            desc="Check extensions identifiers names unicity"
                            includeFileName="extensionsIdentifiers"
                            checkRuleType="Identifier" />
      <CheckIdentifiersRule name="extensionsIdentifiersId"
                            desc="Check extensions identifiers hexadecimal values unicity"
                            includeFileName="extensionsIdentifiers"
                            checkRuleType="HexadecimalValue" />
      <CheckIdentifiersRule name="eventsIdentifiersName"
                            desc="Check events identifiers names unicity"
                            includeFileName="eventsIdentifiers"
                            checkRuleType="Identifier" />
      <CheckIdentifiersRule name="eventsIdentifiersId"
                            desc="Check events identifiers hexadecimal values unicity"
                            includeFileName="eventsIdentifiers"
                            checkRuleType="HexadecimalValue" />
      <CheckIdentifiersRule name="parametersIdentifiersName"
                            desc="Check parameters identifiers names unicity"
                            includeFileName="parametersIdentifiers"
                            checkRuleType="Identifier" />
      <CheckIdentifiersRule name="parametersIdentifiersId"
                            desc="Check parameters hexadecimal values unicity"
                            includeFileName="parametersIdentifiers"
                            checkRuleType="HexadecimalValue" />
      <CheckIdentifiersRule name="symbolsIdentifiersName"
                            desc="Check symbols identifiers names unicity"
                            includeFileName="symbolsIdentifiers"
                            checkRuleType="Identifier" />
      <CheckIdentifiersRule name="symbolsIdentifiersId"
                            desc="Check symbols identifiers hexadecimal values unicity"
                            includeFileName="symbolsIdentifiers"
                            checkRuleType="HexadecimalValue" />
   </ruleList>
   <ruleList desc="Check datatypes definition">
      <CheckIdentifiersRule name="baseTypeIdentifierNames"
                            desc="Check baseType identifiers names unicity"
                            includeFileName="baseTypeIdentifiers"
                            checkRuleType="Identifier" />
      <CheckDatatypesRule name="datatypes"
                          desc="Check datatypes names unicity"
                          includeFileName="datatypes"
                          checkRuleType="Identifier" />
      <CheckDatatypesRule name="datatypes"
                          desc="Check datatypes references existence"
                          includeFileName="datatypes"
                          baseDatatypes="baseTypesIdentifiers"
                          checkRuleType="TypeReference" />
      <CheckDatatypesRule name="datatypes"
                          desc="Check datatypes Literals values"
                          includeFileName="datatypes"
                          checkRuleType="Literal" />
   </ruleList>
   <ruleList desc="Check elements parameters definition">
      <CheckParameterNamesRule name="parameterNames"
                               desc="Check parameters names unicity"
                               includeFileName="Parameters"/>
   </ruleList>
   <ruleList desc="Check widgets definition">
      <CheckWidgetsRule name="widgets"
                        desc="Check widgets names unicity"
                        widgetIdent="widgetsIdentifiers"
                        includeFileName="Widgets"
                        checkRuleType="Identifier" />
      <CheckWidgetsRule name="widgets"
                        desc="Check widgets Id existence"
                        widgetIdent="widgetsIdentifiers"
                        includeFileName="Widgets"
                        checkRuleType="TypeReference" />
      <CheckWidgetsRule name="widgets"
                        desc="Check widgets parameters existence"
                        designTimeParameters="designTimeElements"
                        runtimeParameters="runtimeElements"
                        operationParameters="operationElements"
                        includeFileName="Widgets"
                        checkRuleType="ParametersReference" />
   </ruleList>
   <ruleList desc="Check extensions definition">
      <CheckWidgetsRule name="extensions"
                        desc="Check extensions names unicity"
                        widgetIdent="extensionsIdentifiers"
                        includeFileName="Extensions"
                        checkRuleType="Identifier" />
      <CheckWidgetsRule name="extensions"
                        desc="Check extensions Id existence"
                        widgetIdent="extensionsIdentifiers"
                        includeFileName="Extensions"
                        checkRuleType="TypeReference" />
      <CheckWidgetsRule name="extensions"
                        desc="Check extensions parameters existence"
                        designTimeParameters="designTimeElements"
                        runtimeParameters="runtimeElements"
                        operationParameters="operationElements"
                        includeFileName="Extensions"
                        checkRuleType="ParametersReference" />
   </ruleList>
</checkConfiguration>